-- MySQL Script generated by MySQL Workbench
-- Thu Aug 12 20:26:30 2021
-- Model: New Model    Version: 1.0
-- MySQL Workbench Forward Engineering

SET @OLD_UNIQUE_CHECKS=@@UNIQUE_CHECKS, UNIQUE_CHECKS=0;
SET @OLD_FOREIGN_KEY_CHECKS=@@FOREIGN_KEY_CHECKS, FOREIGN_KEY_CHECKS=0;
SET @OLD_SQL_MODE=@@SQL_MODE, SQL_MODE='ONLY_FULL_GROUP_BY,STRICT_TRANS_TABLES,NO_ZERO_IN_DATE,NO_ZERO_DATE,ERROR_FOR_DIVISION_BY_ZERO,NO_ENGINE_SUBSTITUTION';

-- -----------------------------------------------------
-- Schema gift_certificates_system
-- -----------------------------------------------------

-- -----------------------------------------------------
-- Schema gift_certificates_system
-- -----------------------------------------------------
CREATE SCHEMA IF NOT EXISTS `gift_certificates_system` DEFAULT CHARACTER SET utf8 ;
USE `gift_certificates_system` ;

-- -----------------------------------------------------
-- Table `gift_certificates_system`.`user`
-- -----------------------------------------------------
CREATE TABLE IF NOT EXISTS `gift_certificates_system`.`user` (
  `id` BIGINT NOT NULL AUTO_INCREMENT,
  `name` VARCHAR(45) NOT NULL,
  PRIMARY KEY (`id`))
ENGINE = InnoDB;


-- -----------------------------------------------------
-- Table `gift_certificates_system`.`item_order`
-- -----------------------------------------------------
CREATE TABLE IF NOT EXISTS `gift_certificates_system`.`item_order` (
  `id` BIGINT NOT NULL AUTO_INCREMENT,
  `cost` DECIMAL NOT NULL,
  `user_id` BIGINT NOT NULL,
  `create_date` TIMESTAMP NOT NULL,
  PRIMARY KEY (`id`),
  INDEX `fk_order_user1_idx` (`user_id` ASC) VISIBLE,
  CONSTRAINT `fk_order_user1`
    FOREIGN KEY (`user_id`)
    REFERENCES `gift_certificates_system`.`user` (`id`)
    ON DELETE NO ACTION
    ON UPDATE NO ACTION)
ENGINE = InnoDB;


-- -----------------------------------------------------
-- Table `gift_certificates_system`.`ordered_gift_certificate`
-- -----------------------------------------------------
CREATE TABLE IF NOT EXISTS `gift_certificates_system`.`ordered_gift_certificate` (
  `gift_certificate_id` BIGINT NOT NULL,
  `order_id` BIGINT NOT NULL,
  `name` VARCHAR(45) NOT NULL,
  `description` VARCHAR(100) NOT NULL,
  `price` DECIMAL NOT NULL,
  `duration` INT NOT NULL,
  `create_date` TIMESTAMP NOT NULL,
  `last_update_date` TIMESTAMP NOT NULL,
  `quantity` INT NOT NULL,
  PRIMARY KEY (`gift_certificate_id`, `order_id`),
  INDEX `fk_gift_certificate_has_order_order1_idx` (`order_id` ASC) VISIBLE,
  INDEX `fk_gift_certificate_has_order_gift_certificate1_idx` (`gift_certificate_id` ASC) VISIBLE,
  CONSTRAINT `fk_gift_certificate_has_order_gift_certificate1`
    FOREIGN KEY (`gift_certificate_id`)
    REFERENCES `gift_certificates_system`.`gift_certificate` (`id`)
    ON DELETE NO ACTION
    ON UPDATE NO ACTION,
  CONSTRAINT `fk_gift_certificate_has_order_order1`
    FOREIGN KEY (`order_id`)
    REFERENCES `gift_certificates_system`.`item_order` (`id`)
    ON DELETE NO ACTION
    ON UPDATE NO ACTION)
ENGINE = InnoDB;

-- -----------------------------------------------------
-- Table `gift_certificates_system`.`gift_certificate`
-- -----------------------------------------------------
CREATE TABLE IF NOT EXISTS `gift_certificates_system`.`gift_certificate` (
  `id` BIGINT NOT NULL AUTO_INCREMENT,
  `name` VARCHAR(45) NOT NULL,
  `description` VARCHAR(100) NOT NULL,
  `price` DECIMAL NOT NULL,
  `duration` INT NOT NULL,
  `create_date` TIMESTAMP NOT NULL,
  `last_update_date` TIMESTAMP NOT NULL,
  `deleted` BOOLEAN DEFAULT FALSE,
  PRIMARY KEY (`id`))
ENGINE = InnoDB;


-- -----------------------------------------------------
-- Table `gift_certificates_system`.`tag`
-- -----------------------------------------------------
CREATE TABLE IF NOT EXISTS `gift_certificates_system`.`tag` (
  `id` BIGINT NOT NULL AUTO_INCREMENT,
  `name` VARCHAR(45) NOT NULL,
  PRIMARY KEY (`id`))
ENGINE = InnoDB;


-- -----------------------------------------------------
-- Table `gift_certificates_system`.`gift_certificate_tag_connection`
-- -----------------------------------------------------
CREATE TABLE IF NOT EXISTS `gift_certificates_system`.`gift_certificate_tag_connection` (
  `gift_certificate_id` BIGINT NOT NULL,
  `tag_id` BIGINT NOT NULL,
  PRIMARY KEY (`gift_certificate_id`, `tag_id`),
  INDEX `fk_gift_certificate_has_tag_tag1_idx` (`tag_id` ASC) VISIBLE,
  INDEX `fk_gift_certificate_has_tag_gift_certificate_idx` (`gift_certificate_id` ASC) VISIBLE,
  CONSTRAINT `fk_gift_certificate_has_tag_gift_certificate`
    FOREIGN KEY (`gift_certificate_id`)
    REFERENCES `gift_certificates_system`.`gift_certificate` (`id`)
    ON DELETE NO ACTION
    ON UPDATE NO ACTION,
  CONSTRAINT `fk_gift_certificate_has_tag_tag1`
    FOREIGN KEY (`tag_id`)
    REFERENCES `gift_certificates_system`.`tag` (`id`)
    ON DELETE CASCADE
    ON UPDATE NO ACTION)
ENGINE = InnoDB;


SET SQL_MODE=@OLD_SQL_MODE;
SET FOREIGN_KEY_CHECKS=@OLD_FOREIGN_KEY_CHECKS;
SET UNIQUE_CHECKS=@OLD_UNIQUE_CHECKS;

INSERT INTO `gift_certificates_system`.`user` (`id`, `name`) VALUES ('1', 'Maryia');
INSERT INTO `gift_certificates_system`.`user` (`id`, `name`) VALUES ('2', 'Alexandra');
INSERT INTO `gift_certificates_system`.`user` (`id`, `name`) VALUES ('3', 'Ivan');
INSERT INTO `gift_certificates_system`.`user` (`id`, `name`) VALUES ('4', 'Alexey');
INSERT INTO `gift_certificates_system`.`user` (`id`, `name`) VALUES ('5', 'Andrey');

INSERT INTO `gift_certificates_system`.`gift_certificate` (`id`, `name`, `description`, `price`, `duration`, `create_date`, `last_update_date`) VALUES ('1', 'Woman', 'gift certificate for women', '50', '365', '2018-08-29T06:12:15', '2018-08-29T06:12:15');
INSERT INTO `gift_certificates_system`.`gift_certificate` (`id`, `name`, `description`, `price`, `duration`, `create_date`, `last_update_date`) VALUES ('2', 'Man', 'gift certificate for men', '60', '180', '2021-07-25 23:15:18', '2021-07-25 23:15:18');
INSERT INTO `gift_certificates_system`.`gift_certificate` (`id`, `name`, `description`, `price`, `duration`, `create_date`, `last_update_date`) VALUES ('3', 'Child', 'gift certificate for children', '30', '50', '2021-08-04 07:56:47', '2021-08-04 07:56:47');
INSERT INTO `gift_certificates_system`.`gift_certificate` (`id`, `name`, `description`, `price`, `duration`, `create_date`, `last_update_date`) VALUES ('4', 'Happy Birhday', 'gift certificate', '80', '360', '2021-08-07 06:18:08', '2021-08-07 06:18:08');
INSERT INTO `gift_certificates_system`.`gift_certificate` (`id`, `name`, `description`, `price`, `duration`, `create_date`, `last_update_date`) VALUES ('5', 'Happy Woman', 'good gift', '60', '180', '2021-08-13 08:50:47', '2021-08-13 08:50:47');
INSERT INTO `gift_certificates_system`.`gift_certificate` (`id`, `name`, `description`, `price`, `duration`, `create_date`, `last_update_date`) VALUES ('6', 'Woman\'s Day', 'gift for a good mood', '55', '365', '2021-08-13 08:50:47', '2021-08-14 09:30:21');
INSERT INTO `gift_certificates_system`.`gift_certificate` (`id`, `name`, `description`, `price`, `duration`, `create_date`, `last_update_date`) VALUES ('7', 'SPA', 'spa for women', '30', '80', '2021-08-13 08:50:47', '2021-08-13 08:50:47');
INSERT INTO `gift_certificates_system`.`gift_certificate` (`id`, `name`, `description`, `price`, `duration`, `create_date`, `last_update_date`) VALUES ('8', 'Beauty Club', 'gift certificate for women', '40', '50', '2021-08-13 08:50:47', '2021-08-13 08:50:47');
INSERT INTO `gift_certificates_system`.`gift_certificate` (`id`, `name`, `description`, `price`, `duration`, `create_date`, `last_update_date`) VALUES ('9', 'Little Happiness', 'for your baby', '50', '360', '2021-08-13 08:50:47', '2021-08-13 08:50:47');
INSERT INTO `gift_certificates_system`.`gift_certificate` (`id`, `name`, `description`, `price`, `duration`, `create_date`, `last_update_date`) VALUES ('10', 'Quests', 'gives happiness', '100', '280', '2021-08-13 08:50:47', '2021-08-13 08:50:47');

INSERT INTO `gift_certificates_system`.`tag` (`id`, `name`) VALUES ('1', 'woman');
INSERT INTO `gift_certificates_system`.`tag` (`id`, `name`) VALUES ('2', 'man');
INSERT INTO `gift_certificates_system`.`tag` (`id`, `name`) VALUES ('3', 'relax');
INSERT INTO `gift_certificates_system`.`tag` (`id`, `name`) VALUES ('4', 'holiday');

INSERT INTO `gift_certificates_system`.`gift_certificate_tag_connection` (`gift_certificate_id`, `tag_id`) VALUES ('1', '1');
INSERT INTO `gift_certificates_system`.`gift_certificate_tag_connection` (`gift_certificate_id`, `tag_id`) VALUES ('1', '3');
INSERT INTO `gift_certificates_system`.`gift_certificate_tag_connection` (`gift_certificate_id`, `tag_id`) VALUES ('2', '2');
INSERT INTO `gift_certificates_system`.`gift_certificate_tag_connection` (`gift_certificate_id`, `tag_id`) VALUES ('3', '3');
INSERT INTO `gift_certificates_system`.`gift_certificate_tag_connection` (`gift_certificate_id`, `tag_id`) VALUES ('3', '4');
INSERT INTO `gift_certificates_system`.`gift_certificate_tag_connection` (`gift_certificate_id`, `tag_id`) VALUES ('4', '4');
INSERT INTO `gift_certificates_system`.`gift_certificate_tag_connection` (`gift_certificate_id`, `tag_id`) VALUES ('4', '3');
INSERT INTO `gift_certificates_system`.`gift_certificate_tag_connection` (`gift_certificate_id`, `tag_id`) VALUES ('5', '1');
INSERT INTO `gift_certificates_system`.`gift_certificate_tag_connection` (`gift_certificate_id`, `tag_id`) VALUES ('5', '3');
INSERT INTO `gift_certificates_system`.`gift_certificate_tag_connection` (`gift_certificate_id`, `tag_id`) VALUES ('6', '4');
INSERT INTO `gift_certificates_system`.`gift_certificate_tag_connection` (`gift_certificate_id`, `tag_id`) VALUES ('6', '3');
INSERT INTO `gift_certificates_system`.`gift_certificate_tag_connection` (`gift_certificate_id`, `tag_id`) VALUES ('7', '1');
INSERT INTO `gift_certificates_system`.`gift_certificate_tag_connection` (`gift_certificate_id`, `tag_id`) VALUES ('7', '3');
INSERT INTO `gift_certificates_system`.`gift_certificate_tag_connection` (`gift_certificate_id`, `tag_id`) VALUES ('8', '1');
INSERT INTO `gift_certificates_system`.`gift_certificate_tag_connection` (`gift_certificate_id`, `tag_id`) VALUES ('9', '4');
INSERT INTO `gift_certificates_system`.`gift_certificate_tag_connection` (`gift_certificate_id`, `tag_id`) VALUES ('9', '3');
INSERT INTO `gift_certificates_system`.`gift_certificate_tag_connection` (`gift_certificate_id`, `tag_id`) VALUES ('10', '3');
INSERT INTO `gift_certificates_system`.`gift_certificate_tag_connection` (`gift_certificate_id`, `tag_id`) VALUES ('10', '4');

INSERT INTO `gift_certificates_system`.`item_order` (`id`, `cost`, `user_id`, `create_date`) VALUES ('1', '150', '1', '2021-08-13 08:50:47');
INSERT INTO `gift_certificates_system`.`ordered_gift_certificate` (`gift_certificate_id`, `order_id`, `name`, `description`, `price`, `duration`, `create_date`, `last_update_date`, `quantity`) VALUES ('1', '1', 'Sport', 'for men', '100', '350', '2021-08-13 08:50:47', '2021-08-13 08:50:47', '1');
INSERT INTO `gift_certificates_system`.`ordered_gift_certificate` (`gift_certificate_id`, `order_id`, `name`, `description`, `price`, `duration`, `create_date`, `last_update_date`, `quantity`) VALUES ('2', '1', 'Woman', 'for women', '25', '180', '2021-08-13 08:50:47', '2021-08-13 08:50:47', '2');